<?xml version="1.0" encoding="UTF-8"?>
<project-private xmlns="http://www.netbeans.org/ns/project-private/1">
    <editor-bookmarks xmlns="http://www.netbeans.org/ns/editor-bookmarks/1"/>
    <editor-bookmarks xmlns="http://www.netbeans.org/ns/editor-bookmarks/2" lastBookmarkId="0"/>
    <open-files xmlns="http://www.netbeans.org/ns/projectui-open-files/2">
        <group name="Masters19024">
            <file>file:/C:/E/Dev/FreeRTOS/WorkingCopy/FreeRTOS/Demo/PIC32MX_MPLAB/serial/serial.c</file>
            <file>file:/C:/E/Dev/FreeRTOS/WorkingCopy/FreeRTOS/Demo/PIC32MX_MPLAB/lcd.c</file>
            <file>file:/C:/E/Dev/FreeRTOS/WorkingCopy/FreeRTOS/Demo/PIC32MX_MPLAB/main_full.c</file>
        </group>
        <group/>
    </open-files>
</project-private>
